{
  "project_info": {
    "project_number": "110857752500",
    "project_id": "tour-in",
    "storage_bucket": "tour-in.appspot.com"
  },
  "client": [
    {
      "client_info": {
        "mobilesdk_app_id": "1:110857752500:android:812c88a02492d99b446ce1",
        "android_client_info": {
          "package_name": "com.example.tourin"
        }
      },
      "oauth_client": [],
      "api_key": [
        {
          "current_key": "AIzaSyDlSnD3aGNCWrH-RC-fMWg5pJFPxQyjE3U"
        }
      ],
      "services": {
        "appinvite_service": {
          "other_platform_oauth_client": []
        }
      }
    }
  ],
  "configuration_version": "1"
}